<?xml version="1.0" encoding="UTF-8"?>
<!DOCTYPE suite SYSTEM "http://testng.org/testng-1.0.dtd">
<suite name="HP Public Sites Automation Test Suite" verbose="1" parallel="tests"
       data-provider-thread-count="10" configfailurepolicy="continue">
    <!--        <listeners>-->
    <!--            <listener class-name="StepDefinitionFeatures.AnnotationTransformer"/>-->
    <!--        </listeners>-->
    <test name="Public Website Test" annotations="JDK"
          preserve-order="true">
        <classes>
            <class name="StepDefinitionFeatures.TestRunner"/>
            <class name="StepDefinitionFeatures.TestRunnerRerun"/>
            <class name="StepDefinitionFeatures.TestRunnerRerunRunner"/>
        </classes>
    </test>
</suite>